arrest_id,arrest_date,arrest_time,booking_date,booking_time,arrest_type,charge_group
1,8/10/2023,04 30,8/10/2023,08 26,F,Aggravated Assault
2,11/27/2023,18 45,11/28/2023,00 29,F,Miscellaneous Other Violations
3,2/29/2020,14 10,2/29/2020,16 30,F,Fraud/Embezzlement
4,8/31/2022,15 00,8/31/2022,20 01,M,Against Family/Child
5,1/16/2024,23 48,1/17/2024,03 52,F,Weapon (carry/poss)
6,6/2/2021,02 30,6/2/2021,06 16,F,Narcotic Drug Laws
7,7/4/2023,19 20,7/4/2023,21 08,F,Weapon (carry/poss)
8,4/23/2022,10 32,4/23/2022,13 28,F,Miscellaneous Other Violations
9,10/10/2021,09 25,10/10/2021,11 33,F,Vehicle Theft
10,4/14/2020,11 40,4/14/2020,18 24,F,Aggravated Assault
11,7/15/2021,20 20,7/15/2021,21 48,M,Moving Traffic Violations
12,5/10/2022,16 45,5/10/2022,20 24,F,Vehicle Theft
13,1/1/2024,09 30,1/1/2024,10 56,F,Aggravated Assault
14,9/2/2021,15 20,9/2/2021,17 02,F,Weapon (carry/poss)
15,4/7/2022,14 00,4/7/2022,16 54,F,Aggravated Assault
16,8/10/2022,15 00,8/10/2022,18 02,F,Miscellaneous Other Violations
17,7/6/2023,15 45,7/6/2023,19 09,F,Robbery
18,8/2/2024,12 00,8/2/2024,14 39,F,Other Assaults
19,3/2/2024,01 00,3/2/2024,03 44,F,Burglary
20,9/6/2024,18 10,9/6/2024,19 52,F,Miscellaneous Other Violations
21,3/10/2021,10 00,3/10/2021,12 11,F,Aggravated Assault
22,1/21/2024,02 15,1/21/2024,07 36,F,Larceny
23,4/1/2021,17 30,4/1/2021,23 40,F,Burglary
24,4/8/2022,13 00,4/8/2022,16 00,M,Other Assaults
25,10/8/2020,17 10,10/8/2020,19 05,F,Against Family/Child
26,2/17/2022,19 30,2/17/2022,21 42,M,Other Assaults
27,1/5/2022,21 34,1/5/2022,23 48,M,Other Assaults
28,3/11/2022,20 45,3/11/2022,23 34,M,Driving Under Influence
29,12/5/2021,21 35,12/6/2021,00 02,F,Vehicle Theft
30,10/21/2023,16 05,10/21/2023,16 55,M,Larceny
31,6/17/2020,21 05,6/18/2020,00 11,F,Weapon (carry/poss)
32,12/30/2021,22 00,12/30/2021,22 57,F,Aggravated Assault
33,12/17/2023,17 10,12/17/2023,19 37,M,Driving Under Influence
34,12/12/2023,18 00,12/12/2023,21 38,F,Miscellaneous Other Violations
35,8/16/2021,00 05,8/16/2021,01 51,F,Miscellaneous Other Violations
36,5/23/2023,08 15,5/23/2023,14 25,M,Other Assaults
37,2/5/2021,05 45,2/5/2021,09 32,F,Vehicle Theft
38,5/3/2024,18 15,5/3/2024,20 59,M,Against Family/Child
39,4/19/2020,13 35,4/19/2020,15 16,F,Aggravated Assault
40,6/21/2021,13 00,6/21/2021,17 24,F,Aggravated Assault
41,10/28/2024,09 15,10/28/2024,13 13,F,Vehicle Theft
42,11/22/2024,21 45,11/23/2024,00 38,F,Vehicle Theft
43,7/17/2023,15 00,7/17/2023,17 36,M,Miscellaneous Other Violations
44,7/9/2021,14 00,7/9/2021,19 39,F,Miscellaneous Other Violations
45,10/7/2021,08 05,10/7/2021,10 26,F,Aggravated Assault
46,8/18/2023,14 55,8/18/2023,17 23,F,Miscellaneous Other Violations
47,6/29/2020,14 25,6/29/2020,20 23,F,Aggravated Assault
48,6/20/2024,20 15,6/20/2024,23 39,M,Larceny
49,4/4/2023,19 30,4/4/2023,22 50,F,Vehicle Theft
50,4/7/2021,22 35,4/7/2021,23 54,F,Vehicle Theft
51,6/8/2022,12 45,6/8/2022,16 00,F,Other Assaults
52,9/14/2022,18 30,9/14/2022,20 53,F,Other Assaults
53,4/5/2021,00 55,4/5/2021,03 58,F,Aggravated Assault
54,5/29/2021,23 00,5/30/2021,02 20,F,Weapon (carry/poss)
55,7/24/2023,20 10,7/24/2023,23 04,M,Miscellaneous Other Violations
56,8/1/2024,17 35,8/1/2024,20 21,F,Aggravated Assault
57,4/5/2021,10 15,4/5/2021,11 49,F,Aggravated Assault
58,2/1/2020,02 30,2/1/2020,04 39,M,Driving Under Influence
59,4/20/2023,20 45,4/21/2023,01 10,F,Burglary
60,3/17/2021,05 15,3/17/2021,08 21,F,Robbery
61,4/30/2023,04 00,4/30/2023,07 50,F,Aggravated Assault
62,5/16/2023,20 30,5/17/2023,04 34,F,Aggravated Assault
63,4/19/2022,17 40,4/19/2022,21 37,F,Vehicle Theft
64,7/31/2022,01 00,7/31/2022,02 38,M,Other Assaults
65,10/6/2024,19 50,10/6/2024,22 39,F,Miscellaneous Other Violations
66,4/9/2020,01 14,4/9/2020,04 50,F,Aggravated Assault
67,10/6/2021,19 00,10/6/2021,21 21,M,Aggravated Assault
68,11/21/2023,16 15,11/21/2023,19 31,F,Aggravated Assault
69,1/21/2024,14 10,1/21/2024,15 57,I,Fraud/Embezzlement
70,11/29/2021,19 35,11/29/2021,21 47,F,Aggravated Assault
71,1/6/2023,23 30,1/7/2023,01 24,M,Miscellaneous Other Violations
72,2/16/2023,21 00,2/17/2023,01 58,F,Weapon (carry/poss)
73,5/13/2020,16 20,5/13/2020,19 08,M,Miscellaneous Other Violations
74,3/4/2022,17 25,3/4/2022,19 22,F,Sex (except rape/prst)
75,8/11/2022,22 20,8/12/2022,00 21,M,Against Family/Child
76,2/11/2024,06 50,2/11/2024,12 08,M,Other Assaults
77,2/2/2023,06 30,2/2/2023,08 44,F,Burglary
78,3/1/2024,18 20,3/1/2024,22 33,F,Vehicle Theft
79,4/27/2023,01 40,4/27/2023,04 31,F,Miscellaneous Other Violations
80,9/4/2024,15 15,9/4/2024,19 01,M,Miscellaneous Other Violations
81,12/23/2021,04 00,12/23/2021,05 29,F,Weapon (carry/poss)
82,5/19/2020,03 40,5/19/2020,08 31,F,Receive Stolen Property
83,10/21/2022,12 10,10/21/2022,14 15,F,Burglary
84,3/1/2023,21 05,3/1/2023,22 58,F,Robbery
85,12/17/2021,12 20,12/17/2021,14 37,M,Narcotic Drug Laws
86,2/17/2020,02 30,2/17/2020,03 41,F,Aggravated Assault
87,6/24/2021,20 15,6/24/2021,21 49,M,Driving Under Influence
88,3/31/2023,03 00,3/31/2023,05 20,F,Robbery
89,6/28/2021,20 45,6/28/2021,22 19,F,Narcotic Drug Laws
90,8/20/2024,14 30,8/20/2024,17 39,M,Narcotic Drug Laws
91,8/8/2021,18 00,8/9/2021,00 22,M,Other Assaults
92,10/30/2022,14 20,10/30/2022,16 41,F,Aggravated Assault
93,5/23/2023,10 56,5/23/2023,12 32,F,Robbery
94,4/27/2021,03 50,4/27/2021,05 23,M,Larceny
95,4/5/2024,08 20,4/5/2024,10 09,F,Burglary
96,3/15/2021,10 20,3/15/2021,12 40,M,Driving Under Influence
97,3/28/2024,16 45,3/28/2024,18 48,M,Larceny
98,8/6/2024,09 10,8/6/2024,11 53,F,Miscellaneous Other Violations
99,12/30/2021,10 00,12/30/2021,11 33,F,Aggravated Assault
100,2/23/2022,02 15,2/23/2022,04 17,M,Miscellaneous Other Violations
101,6/30/2023,00 50,6/30/2023,03 05,F,Vehicle Theft
102,10/27/2023,10 30,10/27/2023,13 58,F,Miscellaneous Other Violations
103,3/5/2020,21 02,3/5/2020,22 19,M,Driving Under Influence
104,2/22/2024,16 35,2/22/2024,20 17,F,Narcotic Drug Laws
105,2/14/2024,21 20,2/15/2024,00 56,M,Other Assaults
106,4/30/2023,19 00,4/30/2023,20 35,M,Prostitution/Allied
107,6/23/2024,17 05,6/23/2024,19 50,M,Other Assaults
108,4/20/2024,04 20,4/20/2024,09 39,F,Aggravated Assault
109,1/24/2021,23 05,1/25/2021,01 54,M,Driving Under Influence
110,4/15/2022,23 00,4/16/2022,01 23,M,Driving Under Influence
111,6/29/2022,12 05,6/29/2022,15 10,F,Miscellaneous Other Violations
112,1/5/2024,17 10,1/5/2024,20 20,F,Robbery
113,4/20/2021,07 00,4/20/2021,09 30,F,Miscellaneous Other Violations
114,2/12/2021,22 05,2/12/2021,23 39,M,Driving Under Influence
115,3/30/2020,17 00,3/30/2020,21 09,F,Fraud/Embezzlement
116,6/29/2022,00 30,6/29/2022,02 23,F,Weapon (carry/poss)
117,12/11/2020,11 40,12/11/2020,15 16,F,Miscellaneous Other Violations
118,1/14/2024,17 20,1/14/2024,21 37,F,Weapon (carry/poss)
119,2/3/2021,20 00,2/3/2021,22 13,F,Miscellaneous Other Violations
120,11/29/2021,21 40,11/30/2021,02 00,F,Vehicle Theft
121,4/6/2021,16 30,4/6/2021,18 50,F,Narcotic Drug Laws
122,6/30/2021,14 00,6/30/2021,15 58,F,Burglary
123,7/28/2020,00 39,7/28/2020,01 53,M,Driving Under Influence
124,2/27/2020,11 00,2/27/2020,14 51,F,Miscellaneous Other Violations
125,6/4/2021,00 30,6/4/2021,02 25,F,Robbery
126,1/17/2020,22 10,1/18/2020,01 12,M,Prostitution/Allied
127,8/17/2022,10 45,8/17/2022,14 03,F,Aggravated Assault
128,7/21/2022,11 45,7/21/2022,13 17,F,Aggravated Assault
129,12/11/2022,17 16,12/11/2022,20 39,F,Vehicle Theft
130,6/3/2021,09 55,6/3/2021,10 42,F,Burglary
131,9/7/2022,22 30,9/8/2022,02 28,F,Vehicle Theft
132,10/4/2023,02 15,10/4/2023,04 25,F,Aggravated Assault
133,3/20/2022,00 20,3/20/2022,02 03,F,Weapon (carry/poss)
134,2/23/2021,15 20,2/23/2021,17 48,M,Larceny
135,8/5/2022,03 05,8/5/2022,10 58,F,Robbery
136,7/17/2020,08 45,7/17/2020,12 40,F,Aggravated Assault
137,7/13/2023,01 00,7/13/2023,03 46,M,Other Assaults
138,11/16/2024,06 15,11/16/2024,07 50,M,Narcotic Drug Laws
139,1/30/2024,16 00,1/30/2024,20 49,F,Weapon (carry/poss)
140,12/6/2020,03 54,12/6/2020,09 44,M,Miscellaneous Other Violations
141,7/13/2022,19 10,7/13/2022,21 20,F,Weapon (carry/poss)
142,6/24/2020,19 45,6/24/2020,21 54,F,Aggravated Assault
143,7/11/2024,07 20,7/11/2024,11 17,F,Aggravated Assault
144,11/5/2021,22 00,11/6/2021,00 41,F,Vehicle Theft
145,9/12/2022,00 15,9/12/2022,02 49,F,Vehicle Theft
146,7/3/2022,13 40,7/3/2022,17 19,F,Aggravated Assault
147,10/17/2022,03 45,10/17/2022,07 08,F,Miscellaneous Other Violations
148,5/9/2024,19 10,5/9/2024,21 17,M,Larceny
149,9/14/2022,11 30,9/14/2022,14 25,M,Miscellaneous Other Violations
150,12/26/2022,22 00,12/27/2022,02 40,M,Miscellaneous Other Violations
151,1/15/2022,16 40,1/15/2022,17 53,F,Miscellaneous Other Violations
152,2/8/2020,01 35,2/8/2020,03 17,F,Other Assaults
153,10/25/2022,21 00,10/26/2022,01 35,F,Aggravated Assault
154,8/31/2023,13 20,8/31/2023,14 32,F,Miscellaneous Other Violations
155,10/9/2020,14 15,10/9/2020,15 42,M,Other Assaults
156,2/3/2021,17 05,2/3/2021,20 02,F,Other Assaults
157,8/12/2021,21 50,8/13/2021,05 32,F,Aggravated Assault
158,2/27/2023,18 30,2/27/2023,21 13,F,Vehicle Theft
159,1/16/2020,19 30,1/16/2020,21 00,M,Miscellaneous Other Violations
160,10/21/2021,20 00,10/21/2021,23 27,F,Robbery
161,11/26/2023,22 30,11/27/2023,00 47,F,Aggravated Assault
162,6/6/2021,12 55,6/6/2021,16 57,F,Aggravated Assault
163,3/13/2020,11 00,3/13/2020,12 08,F,Sex (except rape/prst)
164,11/22/2023,18 15,11/22/2023,23 31,F,Moving Traffic Violations
165,4/27/2022,20 30,4/27/2022,23 07,M,Other Assaults
166,6/28/2024,22 55,5/25/2024,04 20,F,Aggravated Assault
167,10/10/2020,10 30,10/10/2020,12 38,F,Other Assaults
168,7/11/2021,18 35,7/11/2021,20 10,M,Miscellaneous Other Violations
169,5/31/2021,15 30,5/31/2021,17 09,M,Driving Under Influence
170,9/14/2023,00 50,9/14/2023,03 23,M,Driving Under Influence
171,5/8/2021,02 30,5/8/2021,04 13,F,Miscellaneous Other Violations
172,9/18/2024,01 00,9/18/2024,05 14,F,Vehicle Theft
173,5/1/2020,12 20,5/1/2020,16 01,F,Aggravated Assault
174,12/27/2024,18 00,12/27/2024,22 41,F,Robbery
175,5/6/2021,03 45,5/6/2021,05 34,F,Aggravated Assault
176,11/12/2024,16 00,11/12/2024,19 01,M,Moving Traffic Violations
177,9/9/2020,10 45,9/9/2020,11 53,M,Miscellaneous Other Violations
178,5/15/2023,03 40,5/15/2023,05 18,M,Moving Traffic Violations
179,3/17/2020,08 20,3/17/2020,10 52,F,Miscellaneous Other Violations
180,8/9/2022,16 45,8/9/2022,21 06,F,Receive Stolen Property
181,3/10/2022,16 35,3/10/2022,18 10,F,Aggravated Assault
182,7/6/2022,18 40,7/6/2022,20 38,F,Weapon (carry/poss)
183,4/21/2021,10 00,4/21/2021,14 26,F,Robbery
184,3/1/2023,22 33,3/2/2023,01 16,M,Driving Under Influence
185,6/24/2022,10 10,6/24/2022,13 11,M,Other Assaults
186,9/27/2020,21 00,9/28/2020,00 47,F,Larceny
187,9/8/2023,04 25,9/8/2023,05 44,M,Miscellaneous Other Violations
188,7/31/2021,01 30,7/31/2021,02 02,M,Prostitution/Allied
189,1/2/2021,21 55,1/2/2021,23 45,M,Driving Under Influence
190,8/3/2020,13 15,8/3/2020,16 14,F,Miscellaneous Other Violations
191,2/23/2024,23 05,2/24/2024,01 28,F,Weapon (carry/poss)
192,1/27/2024,01 33,1/27/2024,02 56,F,Driving Under Influence
193,9/15/2022,20 00,9/15/2022,23 38,F,Narcotic Drug Laws
194,10/30/2020,13 00,10/30/2020,15 50,F,Other Assaults
195,9/26/2022,00 57,9/26/2022,03 35,M,Driving Under Influence
196,3/8/2020,04 30,3/8/2020,08 48,F,Aggravated Assault
197,9/27/2020,19 45,9/27/2020,21 58,F,Miscellaneous Other Violations
198,9/8/2021,12 40,9/8/2021,15 38,F,Aggravated Assault
199,6/11/2023,04 10,6/11/2023,06 15,F,Aggravated Assault
200,10/24/2020,02 53,10/24/2020,04 41,M,Driving Under Influence
201,10/7/2023,16 20,10/7/2023,19 02,M,Larceny
202,6/9/2021,14 40,6/9/2021,17 45,F,Burglary
203,12/5/2021,00 20,12/5/2021,04 42,F,Moving Traffic Violations
204,6/18/2021,23 40,6/19/2021,01 12,F,Aggravated Assault
205,11/26/2022,15 20,11/26/2022,17 45,F,Aggravated Assault
206,9/15/2024,18 13,9/15/2024,19 45,M,Other Assaults
207,6/11/2023,16 30,6/11/2023,19 47,F,Aggravated Assault
208,10/14/2022,10 45,10/14/2022,14 37,F,Sex (except rape/prst)
209,1/6/2024,21 05,1/6/2024,22 53,F,Vehicle Theft
210,7/8/2023,16 10,7/8/2023,22 48,F,Aggravated Assault
211,3/21/2021,11 45,3/21/2021,14 01,M,Miscellaneous Other Violations
212,4/11/2024,21 40,4/11/2024,23 29,M,Against Family/Child
213,1/4/2023,13 35,1/4/2023,18 02,F,Miscellaneous Other Violations
214,6/8/2021,20 30,6/8/2021,22 55,M,Against Family/Child
215,3/17/2020,11 40,3/17/2020,14 37,F,Sex (except rape/prst)
216,5/13/2020,13 40,5/13/2020,17 19,F,Other Assaults
217,1/15/2021,06 30,1/15/2021,09 47,F,Burglary
218,8/23/2020,13 35,8/23/2020,15 30,M,Driving Under Influence
219,12/2/2023,01 35,12/2/2023,02 53,M,Other Assaults
220,11/17/2020,15 30,11/17/2020,18 52,F,Burglary
221,10/20/2021,00 40,10/20/2021,03 46,F,Aggravated Assault
222,12/15/2020,23 10,12/16/2020,01 21,M,Driving Under Influence
223,9/2/2022,20 21,9/3/2022,00 41,F,Robbery
224,7/27/2020,10 20,7/27/2020,12 17,F,Aggravated Assault
225,9/21/2021,03 55,9/21/2021,04 54,F,Vehicle Theft
226,7/22/2021,03 45,7/22/2021,08 01,M,Narcotic Drug Laws
227,2/7/2022,12 50,2/7/2022,17 25,M,Moving Traffic Violations
228,11/1/2020,16 20,11/1/2020,23 22,F,Aggravated Assault
229,3/10/2021,08 50,3/10/2021,11 39,F,Sex (except rape/prst)
230,1/23/2023,11 40,1/23/2023,14 08,F,Other Assaults
231,7/8/2023,11 35,7/8/2023,15 34,F,Aggravated Assault
232,7/22/2023,17 25,7/22/2023,20 34,M,Driving Under Influence
233,3/26/2021,22 22,3/26/2021,23 55,M,Driving Under Influence
234,9/11/2024,12 40,9/11/2024,14 47,F,Burglary
235,10/25/2022,12 45,10/25/2022,14 42,M,Narcotic Drug Laws
236,6/28/2024,23 00,5/17/2024,00 43,F,Aggravated Assault
237,6/7/2024,14 35,6/7/2024,17 09,F,Vehicle Theft
238,7/28/2022,13 10,7/28/2022,15 33,F,Moving Traffic Violations
239,1/16/2024,22 40,1/17/2024,00 09,F,Weapon (carry/poss)
240,10/30/2021,18 15,10/30/2021,20 50,M,Miscellaneous Other Violations
241,8/5/2024,03 30,8/5/2024,08 07,F,Aggravated Assault
242,10/27/2021,01 40,10/27/2021,12 40,M,Miscellaneous Other Violations
243,2/3/2023,12 00,2/3/2023,13 43,F,Aggravated Assault
244,1/18/2024,13 00,1/18/2024,13 09,M,Miscellaneous Other Violations
245,9/19/2021,02 30,9/19/2021,08 24,M,Driving Under Influence
246,6/8/2022,02 10,6/8/2022,03 49,F,Vehicle Theft
247,5/12/2021,21 15,5/12/2021,23 49,M,Narcotic Drug Laws
248,8/30/2021,18 00,8/30/2021,20 52,F,Miscellaneous Other Violations
249,12/17/2021,00 55,12/17/2021,04 14,M,Other Assaults
250,1/19/2020,21 15,1/20/2020,00 15,M,Other Assaults
251,6/13/2021,14 00,6/13/2021,17 41,F,Larceny
252,3/19/2024,15 05,3/19/2024,22 56,F,Aggravated Assault
253,5/29/2023,08 00,5/29/2023,10 25,F,Aggravated Assault
254,6/4/2024,17 30,6/4/2024,19 25,F,Weapon (carry/poss)
255,4/16/2021,23 50,4/17/2021,01 35,F,Aggravated Assault
256,1/2/2023,16 00,1/2/2023,18 25,F,Vehicle Theft
257,7/12/2024,05 20,7/12/2024,08 53,F,Vehicle Theft
258,4/16/2022,20 45,4/16/2022,23 26,M,Gambling
259,7/2/2022,20 05,7/2/2022,22 10,M,Driving Under Influence
260,7/29/2021,15 50,7/29/2021,17 04,M,Other Assaults
261,2/20/2021,16 30,2/20/2021,18 40,M,Larceny
262,4/7/2020,02 50,4/7/2020,04 38,M,Narcotic Drug Laws
263,12/7/2022,13 00,12/7/2022,14 33,F,Narcotic Drug Laws
264,1/30/2024,09 20,1/30/2024,12 19,M,Drunkeness
265,5/25/2023,13 15,5/25/2023,14 39,M,Other Assaults
266,8/18/2023,00 15,8/18/2023,04 12,F,Aggravated Assault
267,4/30/2020,13 30,4/30/2020,18 40,F,Aggravated Assault
268,9/6/2023,13 25,9/6/2023,16 12,F,Miscellaneous Other Violations
269,10/23/2020,23 50,10/24/2020,02 43,F,Larceny
270,5/19/2024,22 20,5/20/2024,00 38,F,Aggravated Assault
271,2/10/2023,11 50,2/10/2023,15 31,M,Miscellaneous Other Violations
272,1/26/2024,09 10,1/26/2024,10 11,M,Moving Traffic Violations
273,5/2/2023,22 00,5/2/2023,23 43,F,Aggravated Assault
274,3/15/2021,04 30,3/15/2021,09 26,F,Miscellaneous Other Violations
275,5/29/2020,17 20,5/29/2020,19 13,F,Aggravated Assault
276,10/12/2020,13 00,10/12/2020,15 34,M,Miscellaneous Other Violations
277,7/21/2021,23 10,7/22/2021,05 58,F,Vehicle Theft
278,10/14/2022,09 30,10/14/2022,12 55,F,Vehicle Theft
279,5/14/2020,07 15,5/14/2020,08 16,M,Driving Under Influence
280,8/23/2024,22 00,8/24/2024,00 01,M,Driving Under Influence
281,9/18/2021,15 45,9/18/2021,19 25,M,Larceny
282,3/17/2024,21 45,3/18/2024,04 54,F,Aggravated Assault
283,9/7/2023,10 45,9/7/2023,14 38,F,Aggravated Assault
284,2/14/2020,23 35,2/15/2020,02 18,F,Other Assaults
285,2/11/2021,03 20,2/11/2021,04 12,M,Other Assaults
286,2/8/2024,16 03,2/8/2024,19 00,F,Other Assaults
287,6/10/2021,19 10,6/10/2021,21 24,M,Miscellaneous Other Violations
288,11/15/2021,10 40,11/15/2021,13 21,M,Narcotic Drug Laws
289,8/13/2021,15 40,8/13/2021,17 21,F,Vehicle Theft
290,1/31/2020,11 00,1/31/2020,12 37,M,Driving Under Influence
291,7/9/2021,21 50,7/9/2021,22 25,M,Prostitution/Allied
292,6/27/2024,16 30,6/27/2024,22 22,F,Vehicle Theft
293,12/22/2024,01 30,12/22/2024,08 10,M,Other Assaults
294,11/20/2024,18 40,11/20/2024,23 25,F,Receive Stolen Property
295,12/12/2024,11 00,12/12/2024,13 00,M,Larceny
296,6/12/2023,15 00,6/12/2023,18 12,M,Other Assaults
297,5/9/2020,18 50,5/9/2020,20 28,M,Moving Traffic Violations
298,3/22/2024,20 20,3/23/2024,00 01,M,Other Assaults
299,10/18/2021,09 00,10/18/2021,12 02,M,Other Assaults
300,5/8/2022,18 20,5/8/2022,20 48,F,Miscellaneous Other Violations
301,1/21/2020,12 20,1/21/2020,15 58,F,Aggravated Assault
302,6/29/2020,15 30,6/29/2020,17 14,M,Narcotic Drug Laws
303,8/3/2021,07 20,8/3/2021,09 47,M,Narcotic Drug Laws
304,4/1/2021,16 25,4/1/2021,18 52,M,Driving Under Influence
305,2/15/2020,01 10,2/15/2020,04 35,F,Aggravated Assault
306,7/27/2022,23 50,7/28/2022,02 20,F,Vehicle Theft
307,4/18/2023,09 52,4/18/2023,11 52,F,Narcotic Drug Laws
308,4/18/2020,22 00,4/19/2020,00 44,F,Narcotic Drug Laws
309,6/3/2023,10 05,6/3/2023,12 10,M,Narcotic Drug Laws
310,10/5/2024,09 50,10/5/2024,11 45,M,Other Assaults
311,9/14/2023,20 30,9/14/2023,22 27,F,Weapon (carry/poss)
312,1/18/2020,12 15,1/18/2020,14 39,M,Against Family/Child
313,6/12/2023,04 15,6/12/2023,09 41,M,Narcotic Drug Laws
314,3/27/2020,09 30,3/27/2020,12 09,F,Weapon (carry/poss)
315,9/18/2024,14 30,9/18/2024,16 32,M,Other Assaults
316,7/28/2021,11 40,7/28/2021,18 58,F,Aggravated Assault
317,1/27/2024,17 15,1/27/2024,19 56,M,Driving Under Influence
318,9/9/2024,14 45,9/9/2024,17 46,F,Aggravated Assault
319,5/10/2023,20 30,5/10/2023,22 46,M,Miscellaneous Other Violations
320,5/21/2023,23 32,5/22/2023,00 43,F,Aggravated Assault
321,7/7/2023,07 50,7/7/2023,09 18,M,Driving Under Influence
322,11/25/2022,08 00,11/25/2022,11 49,M,Driving Under Influence
323,4/18/2020,09 00,4/18/2020,12 37,M,Miscellaneous Other Violations
324,10/26/2023,17 35,10/26/2023,19 53,F,Narcotic Drug Laws
325,2/18/2020,10 35,2/18/2020,12 50,F,Aggravated Assault
326,9/5/2022,00 15,9/5/2022,01 29,F,Weapon (carry/poss)
327,2/26/2020,13 50,2/26/2020,21 06,F,Miscellaneous Other Violations
328,7/13/2022,11 10,7/13/2022,13 25,M,Miscellaneous Other Violations
329,12/29/2022,20 00,12/29/2022,22 08,M,Other Assaults
330,6/11/2023,15 00,6/11/2023,16 31,F,Vehicle Theft
331,7/26/2024,18 55,7/26/2024,20 49,F,Aggravated Assault
332,11/15/2021,16 55,11/15/2021,18 07,F,Narcotic Drug Laws
333,1/24/2023,10 51,1/24/2023,15 31,M,Narcotic Drug Laws
334,4/21/2020,00 05,4/21/2020,01 27,F,Larceny
335,12/11/2021,22 30,12/12/2021,00 42,M,Miscellaneous Other Violations
336,9/4/2020,22 00,9/5/2020,02 49,F,Weapon (carry/poss)
337,11/3/2023,23 40,11/4/2023,03 34,M,Narcotic Drug Laws
338,1/24/2022,02 00,1/24/2022,04 40,F,Miscellaneous Other Violations
339,11/10/2021,11 30,11/10/2021,16 08,F,Robbery
340,8/17/2020,04 50,8/17/2020,09 25,F,Aggravated Assault
341,3/23/2020,22 20,3/23/2020,23 32,F,Moving Traffic Violations
342,3/12/2022,18 00,3/12/2022,20 37,F,Weapon (carry/poss)
343,5/1/2022,16 40,5/1/2022,20 04,F,Other Assaults
344,9/17/2024,18 30,9/17/2024,20 36,F,Miscellaneous Other Violations
345,1/16/2023,19 30,1/16/2023,21 59,F,Aggravated Assault
346,2/1/2020,15 45,2/1/2020,17 35,M,Against Family/Child
347,9/20/2023,16 30,9/20/2023,23 47,F,Aggravated Assault
348,3/23/2024,20 20,3/23/2024,21 24,M,Miscellaneous Other Violations
349,1/15/2022,07 15,1/15/2022,09 10,F,Aggravated Assault
350,7/20/2024,11 57,7/20/2024,13 41,M,Other Assaults
351,10/24/2020,07 00,10/24/2020,08 09,M,Other Assaults
352,12/9/2021,21 50,12/10/2021,00 08,M,Moving Traffic Violations
353,11/7/2021,20 10,11/7/2021,23 17,F,Aggravated Assault
354,12/20/2024,17 30,12/20/2024,19 42,M,Larceny
355,3/25/2023,15 55,3/25/2023,20 19,M,Larceny
356,2/10/2021,16 40,2/10/2021,18 11,M,Miscellaneous Other Violations
357,8/9/2020,18 50,8/9/2020,21 03,F,Aggravated Assault
358,11/19/2022,07 30,11/19/2022,12 29,F,Rape
359,7/25/2021,22 00,7/25/2021,23 40,M,Moving Traffic Violations
360,10/22/2020,18 12,10/22/2020,23 26,F,Weapon (carry/poss)
361,5/15/2023,19 30,5/16/2023,05 20,M,Larceny
362,7/7/2020,21 05,7/8/2020,01 45,M,Driving Under Influence
363,6/14/2024,14 30,6/14/2024,17 01,F,Miscellaneous Other Violations
364,9/18/2023,21 30,9/18/2023,22 46,M,Other Assaults
365,9/14/2021,22 09,9/15/2021,01 11,M,Driving Under Influence
366,6/11/2024,18 00,6/11/2024,21 50,M,Miscellaneous Other Violations
367,8/12/2020,20 30,8/12/2020,21 50,M,Driving Under Influence
368,1/12/2023,22 00,1/13/2023,03 09,M,Moving Traffic Violations
369,10/6/2022,11 00,10/6/2022,13 57,F,Aggravated Assault
370,5/31/2021,16 00,5/31/2021,19 05,M,Narcotic Drug Laws
371,5/20/2023,00 05,5/20/2023,02 33,F,Aggravated Assault
372,9/23/2024,20 50,9/23/2024,22 35,F,Vehicle Theft
373,10/1/2021,02 15,10/1/2021,05 55,F,Vehicle Theft
374,7/7/2022,20 00,7/7/2022,22 55,F,Narcotic Drug Laws
375,2/2/2021,01 30,2/2/2021,03 01,M,Burglary
376,3/9/2020,06 20,3/9/2020,07 23,F,Miscellaneous Other Violations
377,11/12/2020,19 20,11/12/2020,21 01,F,Burglary
378,11/29/2023,09 45,11/29/2023,12 32,F,Weapon (carry/poss)
379,7/4/2023,12 15,7/4/2023,13 11,F,Vehicle Theft
380,10/14/2022,14 15,10/14/2022,17 41,M,Receive Stolen Property
381,6/1/2021,01 00,6/1/2021,03 13,F,Miscellaneous Other Violations
382,12/13/2024,21 10,12/13/2024,22 42,F,Weapon (carry/poss)
383,6/13/2024,14 40,6/13/2024,18 00,F,Aggravated Assault
384,11/14/2020,08 30,11/14/2020,14 32,F,Aggravated Assault
385,10/13/2024,08 20,10/13/2024,13 43,F,Miscellaneous Other Violations
386,8/15/2021,02 22,8/15/2021,08 04,F,Weapon (carry/poss)
387,3/3/2024,00 15,3/3/2024,02 06,F,Aggravated Assault
388,12/28/2022,10 55,11/30/2022,14 48,F,Aggravated Assault
389,2/3/2021,13 50,2/3/2021,17 55,F,Narcotic Drug Laws
390,5/11/2022,21 40,5/12/2022,00 01,F,Miscellaneous Other Violations
391,10/26/2021,17 15,10/26/2021,19 40,F,Narcotic Drug Laws
392,4/14/2024,14 40,4/14/2024,17 14,M,Driving Under Influence
393,1/1/2021,00 05,1/1/2021,01 48,F,Weapon (carry/poss)
394,12/23/2021,17 30,12/23/2021,20 03,M,Driving Under Influence
395,12/18/2023,16 20,12/18/2023,20 22,M,Sex (except rape/prst)
396,10/7/2023,23 06,10/8/2023,01 15,M,Miscellaneous Other Violations
397,4/29/2024,12 35,4/29/2024,14 35,M,Drunkeness
398,2/26/2020,10 00,2/26/2020,15 03,M,Other Assaults
399,11/16/2020,15 30,11/16/2020,16 33,F,Aggravated Assault
400,3/6/2021,16 30,3/6/2021,19 04,F,Weapon (carry/poss)
401,3/23/2024,20 25,3/23/2024,22 48,F,Weapon (carry/poss)
402,4/11/2021,07 15,4/11/2021,09 18,F,Aggravated Assault
403,8/3/2020,05 00,8/3/2020,07 25,F,Aggravated Assault
404,3/29/2024,03 30,3/29/2024,05 50,F,Vehicle Theft
405,8/6/2023,18 10,8/6/2023,20 50,M,Larceny
406,8/18/2023,13 40,8/18/2023,17 38,F,Aggravated Assault
407,2/14/2023,21 00,2/14/2023,23 51,F,Weapon (carry/poss)
408,5/7/2021,22 45,5/8/2021,01 35,M,Prostitution/Allied
409,3/27/2020,11 30,3/27/2020,17 20,F,Weapon (carry/poss)
410,2/3/2024,07 45,2/3/2024,13 19,M,Miscellaneous Other Violations
411,1/26/2023,12 12,1/26/2023,15 10,F,Vehicle Theft
412,11/11/2022,23 25,11/12/2022,03 55,M,Prostitution/Allied
413,12/10/2024,02 30,12/10/2024,04 03,F,Aggravated Assault
414,1/5/2023,15 11,1/5/2023,18 46,F,Sex (except rape/prst)
415,10/26/2023,14 15,10/26/2023,16 21,F,Miscellaneous Other Violations
416,5/19/2021,01 10,5/19/2021,03 04,M,Driving Under Influence
417,5/25/2021,19 30,5/26/2021,00 30,F,Miscellaneous Other Violations
418,11/14/2022,16 00,11/14/2022,17 32,F,Robbery
419,6/12/2021,07 50,6/12/2021,09 18,F,Aggravated Assault
420,12/27/2023,19 10,12/27/2023,21 24,F,Fraud/Embezzlement
421,11/4/2023,19 30,11/4/2023,21 29,F,Weapon (carry/poss)
422,8/25/2022,01 10,8/25/2022,06 50,M,Other Assaults
423,12/7/2023,06 15,12/7/2023,07 05,F,Robbery
424,1/4/2020,09 20,1/4/2020,11 42,F,Other Assaults
425,9/2/2021,03 15,9/2/2021,04 58,F,Miscellaneous Other Violations
426,5/16/2022,16 35,5/16/2022,18 22,F,Vehicle Theft
427,5/23/2023,15 30,5/23/2023,19 51,F,Weapon (carry/poss)
428,6/26/2021,15 55,6/26/2021,18 21,F,Aggravated Assault
429,12/1/2023,20 00,12/1/2023,23 17,M,Drunkeness
430,12/10/2022,20 00,12/10/2022,22 22,F,Weapon (carry/poss)
431,7/27/2023,01 30,7/27/2023,03 53,F,Vehicle Theft
432,1/21/2021,01 30,1/21/2021,04 50,M,Miscellaneous Other Violations
433,4/23/2020,07 00,4/23/2020,11 00,F,Burglary
434,10/4/2021,22 35,10/5/2021,03 10,F,Weapon (carry/poss)
435,1/22/2020,18 00,1/22/2020,21 16,F,Aggravated Assault
436,5/24/2022,20 40,5/24/2022,23 03,F,Aggravated Assault
437,11/23/2022,21 00,11/23/2022,23 49,F,Vehicle Theft
438,5/19/2022,13 50,5/19/2022,15 38,M,Miscellaneous Other Violations
439,8/18/2023,19 40,8/18/2023,21 57,M,Driving Under Influence
440,7/16/2023,17 45,7/16/2023,20 17,F,Miscellaneous Other Violations
441,4/24/2022,21 15,4/25/2022,02 05,M,Other Assaults
442,12/29/2023,00 14,12/29/2023,03 52,F,Moving Traffic Violations
443,3/27/2022,00 35,3/27/2022,01 24,M,Weapon (carry/poss)
444,2/5/2024,16 30,2/5/2024,19 49,M,Prostitution/Allied
445,12/12/2020,19 40,12/12/2020,20 44,M,Driving Under Influence
446,12/7/2021,22 00,12/8/2021,02 17,F,Narcotic Drug Laws
447,7/24/2024,09 00,7/24/2024,10 30,F,Aggravated Assault
448,11/8/2021,20 30,11/8/2021,22 51,M,Other Assaults
449,4/28/2020,15 40,4/28/2020,17 34,F,Narcotic Drug Laws
450,1/15/2022,05 10,1/15/2022,07 34,F,Vehicle Theft
451,2/2/2021,20 30,2/3/2021,01 17,F,Weapon (carry/poss)
452,7/1/2024,13 25,7/1/2024,16 42,M,Larceny
453,9/28/2022,14 10,9/28/2022,18 32,M,Larceny
454,9/9/2021,12 20,9/9/2021,14 18,F,Larceny
455,8/26/2022,18 50,8/27/2022,00 10,F,Miscellaneous Other Violations
456,7/26/2022,15 30,7/26/2022,17 45,M,Other Assaults
457,10/25/2024,21 15,10/25/2024,23 46,F,Miscellaneous Other Violations
458,12/17/2024,16 30,12/17/2024,19 08,M,Driving Under Influence
459,3/4/2021,00 20,3/4/2021,02 19,F,Homicide
460,3/4/2020,09 00,3/4/2020,17 09,F,Aggravated Assault
461,6/12/2022,03 30,6/12/2022,05 35,F,Aggravated Assault
462,6/28/2023,22 30,6/29/2023,01 07,F,Burglary
463,2/17/2021,15 15,2/17/2021,18 43,M,Larceny
464,3/13/2021,11 40,3/13/2021,15 02,F,Receive Stolen Property
465,2/15/2022,17 00,2/15/2022,18 58,F,Miscellaneous Other Violations
466,3/1/2020,23 15,3/2/2020,01 01,M,Narcotic Drug Laws
467,1/13/2023,12 30,1/13/2023,16 29,F,Miscellaneous Other Violations
468,6/22/2021,15 45,6/22/2021,18 05,F,Aggravated Assault
469,2/16/2022,11 20,2/16/2022,14 18,M,Miscellaneous Other Violations
470,1/6/2023,19 30,1/6/2023,21 47,F,Weapon (carry/poss)
471,6/24/2021,17 15,6/24/2021,18 01,F,Aggravated Assault
472,10/9/2021,18 30,10/9/2021,20 41,F,Vehicle Theft
473,4/24/2023,11 30,4/24/2023,13 10,F,Other Assaults
474,11/30/2021,17 15,11/30/2021,17 34,M,Against Family/Child
475,5/5/2023,13 10,5/5/2023,21 14,F,Aggravated Assault
476,11/26/2024,16 45,11/26/2024,20 54,F,Aggravated Assault
477,11/16/2023,13 25,11/16/2023,13 36,M,Driving Under Influence
478,2/15/2024,18 00,2/15/2024,20 08,F,Miscellaneous Other Violations
479,4/15/2024,02 50,4/15/2024,03 50,M,Other Assaults
480,2/11/2021,10 25,2/11/2021,13 24,M,Miscellaneous Other Violations
481,3/2/2020,21 35,3/3/2020,00 32,F,Other Assaults
482,5/15/2023,10 00,5/15/2023,14 51,F,Aggravated Assault
483,12/24/2021,20 30,12/24/2021,22 16,F,Weapon (carry/poss)
484,3/23/2020,15 12,3/23/2020,19 49,M,Other Assaults
485,11/14/2024,10 25,11/14/2024,11 39,M,Sex (except rape/prst)
486,10/7/2021,16 00,10/7/2021,18 19,F,Aggravated Assault
487,5/24/2021,21 10,5/24/2021,23 11,M,Miscellaneous Other Violations
488,6/3/2024,21 45,6/3/2024,23 55,F,Robbery
489,7/15/2023,19 00,7/15/2023,21 22,F,Aggravated Assault
490,12/25/2022,22 00,12/25/2022,23 17,F,Weapon (carry/poss)
491,6/27/2021,00 20,6/27/2021,02 46,F,Aggravated Assault
492,12/15/2020,19 25,12/15/2020,21 22,M,Driving Under Influence
493,6/20/2020,08 55,6/20/2020,10 40,M,Driving Under Influence
494,10/10/2020,04 00,10/10/2020,05 38,F,Aggravated Assault
495,2/16/2022,08 50,2/16/2022,13 26,F,Aggravated Assault
496,11/29/2023,01 20,11/29/2023,03 21,F,Larceny
497,11/21/2021,18 20,11/21/2021,21 44,F,Narcotic Drug Laws
498,11/28/2020,00 35,11/28/2020,02 40,F,Weapon (carry/poss)
499,6/8/2021,15 30,6/8/2021,17 25,M,Other Assaults
500,1/18/2021,00 50,1/18/2021,02 22,F,Aggravated Assault
501,3/14/2023,19 50,3/14/2023,22 42,F,Other Assaults
502,3/16/2020,10 10,3/16/2020,12 45,M,Other Assaults
503,10/9/2020,12 40,10/9/2020,16 21,M,Other Assaults
504,5/28/2020,02 30,5/28/2020,08 04,F,Vehicle Theft
505,7/28/2021,10 45,7/28/2021,13 35,F,Miscellaneous Other Violations
506,6/8/2024,20 50,6/9/2024,01 29,F,Miscellaneous Other Violations
507,6/30/2022,17 30,6/30/2022,22 34,F,Larceny
508,1/5/2020,23 24,1/6/2020,01 42,F,Miscellaneous Other Violations
509,10/28/2022,19 30,10/28/2022,21 45,F,Weapon (carry/poss)
510,1/6/2022,17 15,1/6/2022,22 04,F,Miscellaneous Other Violations
511,1/29/2024,09 47,1/29/2024,12 03,M,Miscellaneous Other Violations
512,7/28/2021,12 45,7/28/2021,17 03,F,Aggravated Assault
513,2/14/2020,14 40,2/14/2020,18 33,M,Larceny
514,6/4/2022,00 01,6/4/2022,03 02,M,Driving Under Influence
515,9/8/2020,20 00,9/8/2020,23 06,F,Other Assaults
516,3/28/2022,12 55,3/28/2022,13 00,M,Driving Under Influence
517,12/12/2020,00 50,12/12/2020,01 56,F,Aggravated Assault
518,4/18/2020,16 45,4/18/2020,18 17,F,Aggravated Assault
519,8/5/2023,01 45,8/5/2023,05 05,F,Robbery
520,10/18/2020,03 45,10/18/2020,05 52,F,Aggravated Assault
521,4/8/2024,11 00,4/8/2024,13 39,F,Miscellaneous Other Violations
522,6/21/2021,14 15,6/21/2021,19 42,F,Vehicle Theft
523,7/17/2024,08 10,7/17/2024,10 07,F,Aggravated Assault
524,4/1/2023,20 00,4/1/2023,22 12,F,Narcotic Drug Laws
525,7/8/2024,15 00,7/8/2024,16 02,M,Other Assaults
526,7/4/2023,18 30,7/4/2023,22 04,F,Miscellaneous Other Violations
527,2/14/2023,09 45,2/14/2023,12 00,F,Other Assaults
528,8/3/2021,01 10,8/3/2021,02 47,F,Vehicle Theft
529,8/9/2023,23 00,8/10/2023,03 05,F,Aggravated Assault
530,11/30/2021,09 50,11/30/2021,18 06,M,Receive Stolen Property
531,3/24/2023,13 45,3/24/2023,16 57,F,Miscellaneous Other Violations
532,10/17/2020,15 00,10/18/2020,00 39,F,Aggravated Assault
533,5/4/2022,12 20,5/4/2022,14 09,M,Sex (except rape/prst)
534,4/13/2023,22 10,4/14/2023,00 10,M,Other Assaults
535,6/4/2024,17 40,6/4/2024,20 54,F,Narcotic Drug Laws
536,6/9/2022,23 00,6/10/2022,03 16,M,Other Assaults
537,6/14/2020,20 30,6/14/2020,22 25,F,Aggravated Assault
538,3/25/2021,08 15,3/25/2021,10 01,F,Vehicle Theft
539,5/3/2020,03 00,5/3/2020,06 06,M,Other Assaults
540,5/17/2020,00 05,5/17/2020,02 13,F,Aggravated Assault
541,7/17/2020,21 00,7/18/2020,00 09,F,Miscellaneous Other Violations
542,10/8/2023,15 47,10/8/2023,20 23,F,Narcotic Drug Laws
543,4/22/2023,02 30,4/22/2023,04 56,F,Aggravated Assault
544,2/18/2023,17 05,2/18/2023,19 33,F,Receive Stolen Property
545,4/30/2021,12 40,4/30/2021,15 41,M,Other Assaults
546,2/1/2022,22 50,2/2/2022,01 31,F,Aggravated Assault
547,4/23/2021,17 05,4/23/2021,18 44,F,Vehicle Theft
548,3/2/2020,01 05,3/2/2020,03 31,F,Other Assaults
549,2/4/2020,04 50,2/4/2020,07 59,M,Driving Under Influence
550,1/29/2024,12 40,1/29/2024,14 39,F,Aggravated Assault
551,3/28/2023,21 45,3/29/2023,00 06,F,Vehicle Theft
552,12/24/2021,00 55,12/24/2021,02 17,M,Other Assaults
553,5/7/2024,02 30,5/7/2024,03 53,M,Other Assaults
554,5/21/2024,09 10,5/21/2024,10 54,M,Narcotic Drug Laws
555,5/16/2022,07 45,5/16/2022,14 51,F,Larceny
556,3/7/2024,04 25,3/7/2024,08 56,F,Other Assaults
557,12/31/2022,12 50,12/31/2022,14 28,F,Aggravated Assault
558,4/21/2023,13 00,4/21/2023,17 42,F,Vehicle Theft
559,9/25/2024,20 50,9/25/2024,22 50,F,Aggravated Assault
560,7/21/2024,12 30,7/21/2024,15 17,M,Narcotic Drug Laws
561,4/6/2022,10 40,4/6/2022,14 42,F,Miscellaneous Other Violations
562,8/4/2023,15 10,8/4/2023,20 07,F,Narcotic Drug Laws
563,5/13/2023,21 00,5/14/2023,01 06,F,Rape
564,6/27/2020,12 00,6/27/2020,14 08,F,Miscellaneous Other Violations
565,4/30/2023,18 40,4/30/2023,21 35,M,Driving Under Influence
566,6/19/2024,19 15,6/19/2024,22 10,F,Aggravated Assault
567,1/14/2023,23 40,1/15/2023,01 17,M,Other Assaults
568,4/30/2020,22 20,5/1/2020,04 18,M,Driving Under Influence
569,3/6/2020,20 55,3/6/2020,23 37,F,Larceny
570,5/31/2020,01 40,5/31/2020,04 38,F,Weapon (carry/poss)
571,1/21/2024,22 30,1/22/2024,03 41,F,Other Assaults
572,1/31/2021,01 45,1/31/2021,03 49,M,Other Assaults
573,11/6/2022,15 15,11/6/2022,18 08,M,Against Family/Child
574,11/13/2022,02 55,11/13/2022,04 52,M,Other Assaults
575,4/20/2022,17 30,4/20/2022,22 50,F,Narcotic Drug Laws
576,10/17/2024,16 30,10/17/2024,19 48,M,Larceny
577,3/13/2023,16 10,3/13/2023,19 15,M,Prostitution/Allied
578,7/25/2022,00 30,7/25/2022,04 52,M,Driving Under Influence
579,9/11/2023,12 30,9/11/2023,14 51,M,Larceny
580,2/24/2020,19 40,2/24/2020,22 49,M,Miscellaneous Other Violations
581,12/2/2020,11 00,12/2/2020,13 33,M,Other Assaults
582,11/22/2020,14 35,11/22/2020,15 51,M,Miscellaneous Other Violations
583,3/23/2024,10 00,3/23/2024,14 42,M,Against Family/Child
584,3/10/2020,12 10,3/10/2020,19 00,F,Fraud/Embezzlement
585,8/25/2020,18 30,8/25/2020,20 16,F,Aggravated Assault
586,12/18/2022,00 30,12/18/2022,03 35,M,Narcotic Drug Laws
587,1/27/2021,11 10,1/27/2021,16 18,F,Larceny
588,4/6/2020,16 45,4/6/2020,19 28,F,Robbery
589,6/1/2022,11 20,6/1/2022,23 46,F,Homicide
590,9/6/2021,01 30,9/6/2021,03 46,M,Other Assaults
591,11/29/2022,11 00,11/29/2022,14 04,F,Robbery
592,1/25/2022,13 15,1/25/2022,15 50,F,Robbery
593,11/6/2020,18 30,11/6/2020,21 20,M,Larceny
594,11/18/2020,08 00,11/18/2020,12 40,M,Other Assaults
595,8/19/2023,02 00,8/19/2023,04 12,F,Miscellaneous Other Violations
596,1/13/2021,15 40,1/13/2021,18 23,F,Narcotic Drug Laws
597,5/9/2024,22 30,5/10/2024,03 20,F,Robbery
598,1/6/2022,14 30,1/6/2022,21 34,F,Larceny
599,1/5/2021,13 20,1/5/2021,17 19,F,Narcotic Drug Laws
600,7/27/2022,18 35,7/27/2022,20 28,F,Weapon (carry/poss)
601,8/18/2023,17 30,8/18/2023,19 37,M,Miscellaneous Other Violations
602,1/14/2022,13 35,1/14/2022,17 58,F,Narcotic Drug Laws
603,7/4/2024,08 52,7/4/2024,12 08,F,Driving Under Influence
604,5/28/2024,23 30,5/29/2024,01 55,F,Aggravated Assault
605,12/18/2021,20 00,12/19/2021,00 07,F,Weapon (carry/poss)
606,12/6/2024,10 50,12/6/2024,14 40,M,Other Assaults
607,4/12/2021,12 50,4/12/2021,14 37,F,Aggravated Assault
608,2/23/2020,22 10,2/24/2020,00 21,M,Other Assaults
609,2/4/2022,21 35,2/5/2022,04 21,M,Prostitution/Allied
610,11/15/2021,20 21,11/16/2021,00 56,M,Other Assaults
611,10/1/2021,18 00,10/1/2021,21 10,M,Moving Traffic Violations
612,6/14/2022,21 15,6/14/2022,23 49,F,Aggravated Assault
613,10/11/2023,10 15,10/11/2023,12 57,F,Miscellaneous Other Violations
614,5/21/2021,23 40,5/22/2021,00 59,M,Weapon (carry/poss)
615,1/5/2022,00 15,1/5/2022,02 32,M,Miscellaneous Other Violations
616,10/12/2020,13 30,10/12/2020,17 41,F,Miscellaneous Other Violations
617,1/13/2023,09 15,1/13/2023,13 29,F,Burglary
618,10/13/2020,19 30,10/13/2020,23 19,F,Fraud/Embezzlement
619,1/16/2022,15 40,1/16/2022,17 15,M,Larceny
620,1/28/2022,20 00,1/28/2022,23 02,F,Aggravated Assault
621,1/25/2024,09 00,1/25/2024,11 58,F,Aggravated Assault
622,2/14/2021,12 50,2/14/2021,15 19,M,Miscellaneous Other Violations
623,10/15/2023,23 55,10/16/2023,01 11,M,Driving Under Influence
624,3/18/2024,07 15,3/18/2024,09 50,F,Burglary
625,7/11/2020,19 35,7/11/2020,21 25,M,Miscellaneous Other Violations
626,2/9/2022,16 35,2/9/2022,21 24,F,Robbery
627,8/28/2021,01 05,8/28/2021,02 39,M,Prostitution/Allied
628,5/28/2021,09 45,5/28/2021,11 34,M,Weapon (carry/poss)
629,3/21/2023,19 45,3/21/2023,21 36,F,Aggravated Assault
630,7/10/2021,11 30,7/10/2021,13 39,F,Aggravated Assault
631,5/12/2021,19 15,5/12/2021,22 13,F,Miscellaneous Other Violations
632,3/2/2020,07 20,3/2/2020,10 10,I,Fraud/Embezzlement
633,12/30/2022,19 35,12/30/2022,21 39,F,Other Assaults
634,5/31/2022,23 25,6/1/2022,01 56,F,Aggravated Assault
635,4/22/2020,17 35,4/22/2020,17 58,F,Weapon (carry/poss)
636,4/29/2021,20 10,4/29/2021,21 20,M,Driving Under Influence
637,1/29/2022,09 45,1/29/2022,13 39,F,Robbery
638,7/10/2024,19 00,7/10/2024,21 13,M,Receive Stolen Property
639,2/5/2023,22 15,2/6/2023,00 46,F,Weapon (carry/poss)
640,8/6/2021,18 27,8/6/2021,19 26,M,Weapon (carry/poss)
641,3/7/2024,09 00,3/7/2024,19 38,F,Larceny
642,8/5/2021,10 25,8/5/2021,14 47,F,Miscellaneous Other Violations
643,4/28/2023,12 30,4/28/2023,15 27,F,Aggravated Assault
644,10/19/2021,13 00,10/19/2021,18 47,M,Narcotic Drug Laws
645,9/8/2020,02 40,9/8/2020,04 35,M,Narcotic Drug Laws
646,6/15/2022,21 40,6/16/2022,00 41,F,Weapon (carry/poss)
647,7/14/2021,12 50,7/14/2021,21 08,M,Driving Under Influence
648,1/16/2020,01 10,1/16/2020,06 29,F,Aggravated Assault
649,6/13/2021,22 00,6/14/2021,01 20,M,Driving Under Influence
650,1/10/2020,14 00,1/10/2020,17 51,M,Larceny
651,4/11/2021,07 00,4/11/2021,08 57,M,Narcotic Drug Laws
652,6/4/2024,12 10,6/5/2024,03 08,F,Homicide
653,10/6/2021,01 45,10/6/2021,02 49,M,Other Assaults
654,7/24/2022,23 00,7/25/2022,00 40,F,Weapon (carry/poss)
655,6/10/2020,18 20,6/10/2020,19 44,F,Other Assaults
656,3/30/2020,18 30,3/30/2020,21 12,F,Miscellaneous Other Violations
657,2/2/2022,22 15,2/2/2022,23 32,F,Miscellaneous Other Violations
658,10/6/2024,19 00,10/6/2024,20 30,M,Other Assaults
659,6/22/2022,00 30,6/22/2022,04 08,F,Aggravated Assault
660,5/26/2023,08 20,5/26/2023,11 29,F,Aggravated Assault
661,6/23/2020,19 40,6/23/2020,21 46,F,Vehicle Theft
662,3/27/2022,01 45,3/27/2022,05 07,F,Aggravated Assault
663,8/21/2023,17 30,8/21/2023,19 26,F,Burglary
664,5/1/2022,21 45,5/2/2022,00 07,M,Other Assaults
665,5/10/2020,23 00,5/11/2020,01 16,M,Miscellaneous Other Violations
666,1/14/2021,18 55,1/14/2021,20 52,M,Narcotic Drug Laws
667,11/29/2023,05 20,11/29/2023,08 27,F,Aggravated Assault
668,6/25/2020,16 45,6/25/2020,19 09,M,Driving Under Influence
669,3/3/2022,01 45,3/3/2022,05 04,M,Other Assaults
670,10/20/2020,14 00,10/20/2020,16 05,F,Rape
671,9/8/2021,11 00,9/8/2021,13 51,F,Aggravated Assault
672,9/27/2022,01 50,9/27/2022,03 27,F,Weapon (carry/poss)
673,10/23/2021,16 20,10/23/2021,19 54,M,Larceny
674,1/19/2024,15 45,1/19/2024,17 24,M,Miscellaneous Other Violations
675,8/17/2020,00 55,8/17/2020,02 39,M,Driving Under Influence
676,11/16/2024,08 10,11/16/2024,12 14,F,Miscellaneous Other Violations
677,7/27/2021,18 20,7/27/2021,20 04,M,Driving Under Influence
678,9/16/2022,16 10,9/16/2022,19 30,M,Other Assaults
679,4/2/2020,21 00,4/3/2020,01 37,F,Weapon (carry/poss)
680,12/30/2023,18 45,12/30/2023,20 59,M,Against Family/Child
681,3/4/2020,00 20,3/4/2020,03 08,M,Driving Under Influence
682,8/24/2024,01 30,8/24/2024,03 00,F,Weapon (carry/poss)
683,9/5/2022,12 20,9/5/2022,13 25,F,Other Assaults
684,9/9/2024,14 55,9/9/2024,17 15,F,Miscellaneous Other Violations
685,9/2/2020,12 30,9/2/2020,19 33,F,Narcotic Drug Laws
686,8/6/2024,13 30,8/6/2024,16 57,F,Fraud/Embezzlement
687,6/23/2023,15 30,6/23/2023,20 46,M,Other Assaults
688,7/26/2020,01 50,7/26/2020,08 45,M,Miscellaneous Other Violations
689,6/3/2021,17 00,6/3/2021,19 12,F,Aggravated Assault
690,2/25/2023,16 00,2/25/2023,18 25,F,Aggravated Assault
691,4/6/2020,03 30,4/6/2020,04 41,M,Miscellaneous Other Violations
692,7/29/2021,18 30,7/29/2021,21 07,F,Weapon (carry/poss)
693,12/4/2021,20 15,12/4/2021,22 51,M,Larceny
694,11/11/2023,00 10,11/11/2023,01 03,M,Prostitution/Allied
695,8/15/2022,04 00,8/15/2022,12 54,F,Rape
696,3/5/2020,08 05,3/5/2020,11 47,M,Miscellaneous Other Violations
697,8/28/2023,08 30,8/28/2023,10 05,F,Aggravated Assault
698,7/3/2024,23 00,7/4/2024,00 23,F,Other Assaults
699,3/16/2023,00 30,3/16/2023,02 49,M,Weapon (carry/poss)
700,1/8/2023,20 45,1/8/2023,23 17,M,Other Assaults
701,5/30/2023,20 57,5/31/2023,00 07,F,Aggravated Assault
702,12/26/2020,07 30,12/26/2020,10 32,M,Driving Under Influence
703,8/29/2021,17 05,8/29/2021,20 24,M,Other Assaults
704,11/12/2020,22 40,11/13/2020,02 41,M,Miscellaneous Other Violations
705,8/7/2021,01 50,8/7/2021,03 46,M,Narcotic Drug Laws
706,1/20/2022,18 40,1/20/2022,21 58,M,Prostitution/Allied
707,6/11/2021,12 50,6/11/2021,16 14,F,Vehicle Theft
708,2/9/2021,14 30,2/9/2021,22 35,F,Robbery
709,1/14/2020,15 10,1/14/2020,20 05,F,Vehicle Theft
710,3/28/2024,00 34,3/28/2024,03 24,F,Driving Under Influence
711,5/23/2021,02 30,5/23/2021,04 35,M,Other Assaults
712,5/30/2021,03 20,5/30/2021,04 54,F,Vehicle Theft
713,9/18/2023,21 40,9/18/2023,23 48,M,Other Assaults
714,1/12/2023,07 15,1/12/2023,14 06,M,Narcotic Drug Laws
715,2/24/2023,15 10,2/24/2023,17 26,M,Larceny
716,1/2/2023,22 15,1/3/2023,00 27,M,Weapon (carry/poss)
717,1/3/2023,15 30,1/3/2023,17 58,M,Other Assaults
718,4/9/2023,14 05,4/9/2023,20 05,F,Narcotic Drug Laws
719,8/5/2022,10 30,8/5/2022,12 53,M,Driving Under Influence
720,11/17/2021,16 05,11/17/2021,19 05,M,Against Family/Child
721,8/9/2022,01 35,8/9/2022,03 21,M,Driving Under Influence
722,4/20/2022,03 00,4/20/2022,04 07,F,Weapon (carry/poss)
723,11/26/2020,13 00,11/26/2020,14 51,M,Other Assaults
724,11/26/2021,17 25,11/26/2021,22 51,F,Larceny
725,6/10/2023,19 20,6/10/2023,21 34,F,Narcotic Drug Laws
726,1/2/2023,23 00,1/3/2023,00 25,F,Other Assaults
727,2/20/2024,06 20,2/20/2024,08 10,F,Aggravated Assault
728,4/25/2020,22 20,4/26/2020,01 13,M,Driving Under Influence
729,1/2/2024,00 50,1/2/2024,16 29,M,Other Assaults
730,7/15/2022,11 55,7/15/2022,14 28,M,Other Assaults
731,1/26/2023,16 00,1/26/2023,18 14,F,Miscellaneous Other Violations
732,6/6/2023,17 00,6/6/2023,19 39,M,Other Assaults
733,11/3/2021,16 45,11/3/2021,19 54,M,Larceny
734,2/2/2021,06 05,2/2/2021,06 43,F,Larceny
735,12/5/2022,01 50,12/5/2022,04 48,F,Vehicle Theft
736,9/21/2020,05 05,9/21/2020,09 02,F,Narcotic Drug Laws
737,1/6/2020,04 10,1/6/2020,05 36,F,Aggravated Assault
738,1/16/2024,14 15,1/16/2024,16 57,F,Other Assaults
739,5/29/2023,23 03,5/30/2023,03 18,F,Aggravated Assault
740,6/27/2023,10 00,6/27/2023,11 58,F,Aggravated Assault
741,1/17/2024,10 00,1/17/2024,13 53,F,Vehicle Theft
742,12/9/2022,19 00,12/10/2022,03 34,F,Miscellaneous Other Violations
743,5/1/2022,17 45,5/1/2022,19 02,M,Other Assaults
744,1/10/2023,22 45,1/11/2023,00 42,F,Miscellaneous Other Violations
745,11/18/2023,07 30,11/18/2023,09 34,M,Miscellaneous Other Violations
746,6/2/2024,03 50,6/2/2024,08 39,F,Burglary
747,2/27/2024,09 00,2/27/2024,10 09,M,Larceny
748,3/24/2020,12 00,3/24/2020,14 12,M,Other Assaults
749,3/4/2023,16 30,3/4/2023,19 56,M,Other Assaults
750,2/8/2024,10 00,2/8/2024,13 17,M,Driving Under Influence
751,12/10/2023,16 00,12/10/2023,18 10,M,Other Assaults
752,5/17/2023,09 15,5/17/2023,10 52,M,Aggravated Assault
753,4/18/2023,16 55,4/18/2023,19 11,M,Miscellaneous Other Violations
754,1/6/2024,19 00,1/6/2024,21 12,F,Weapon (carry/poss)
755,1/22/2020,17 50,1/22/2020,20 03,F,Other Assaults
756,1/12/2023,17 15,1/12/2023,22 13,M,Narcotic Drug Laws
757,3/16/2020,18 15,3/16/2020,18 59,M,Narcotic Drug Laws
758,4/15/2023,17 00,4/15/2023,18 53,F,Weapon (carry/poss)
759,11/26/2020,09 15,11/26/2020,10 27,M,Other Assaults
760,8/28/2022,00 15,8/28/2022,01 56,M,Driving Under Influence
761,10/24/2024,13 30,10/24/2024,15 45,F,Aggravated Assault
762,12/4/2022,20 05,12/4/2022,22 57,M,Driving Under Influence
763,6/22/2020,02 10,6/22/2020,04 37,F,Aggravated Assault
764,12/23/2023,00 30,12/23/2023,03 35,M,Narcotic Drug Laws
765,6/18/2024,18 00,6/18/2024,23 30,F,Homicide
766,10/24/2023,15 30,10/24/2023,16 52,F,Fraud/Embezzlement
767,5/13/2021,17 15,5/13/2021,19 00,F,Weapon (carry/poss)
768,1/12/2022,19 20,1/12/2022,21 16,F,Miscellaneous Other Violations
769,10/2/2024,15 40,10/2/2024,21 38,F,Weapon (carry/poss)
770,6/24/2022,02 45,6/24/2022,04 00,M,Miscellaneous Other Violations
771,11/11/2022,08 20,11/11/2022,10 21,M,Other Assaults
772,4/12/2021,05 18,4/12/2021,15 08,M,Miscellaneous Other Violations
773,12/28/2022,21 00,12/29/2022,00 11,F,Weapon (carry/poss)
774,10/7/2021,13 20,10/7/2021,23 47,F,Aggravated Assault
775,4/25/2024,13 15,4/25/2024,19 21,F,Vehicle Theft
776,4/30/2023,12 45,4/30/2023,16 07,F,Aggravated Assault
777,11/12/2024,14 10,11/12/2024,19 04,F,Miscellaneous Other Violations
778,6/1/2021,00 58,6/1/2021,02 54,F,Aggravated Assault
779,11/25/2021,20 50,11/25/2021,23 06,F,Vehicle Theft
780,10/29/2024,19 45,10/30/2024,02 34,M,Driving Under Influence
781,11/22/2021,10 45,11/22/2021,12 00,M,Other Assaults
782,11/13/2023,12 40,11/13/2023,14 33,F,Burglary
783,2/8/2023,00 05,2/8/2023,03 41,F,Weapon (carry/poss)
784,7/25/2021,20 45,7/25/2021,23 06,F,Weapon (carry/poss)
785,5/4/2023,22 10,5/5/2023,01 59,F,Forgery/Counterfeit
786,6/23/2023,13 30,6/23/2023,17 03,F,Burglary
787,1/2/2023,13 20,1/2/2023,16 08,F,Aggravated Assault
788,11/23/2021,04 20,11/23/2021,07 57,F,Weapon (carry/poss)
789,5/8/2022,20 30,5/8/2022,22 26,F,Weapon (carry/poss)
790,9/2/2020,16 20,9/2/2020,17 51,F,Robbery
791,3/14/2023,15 50,3/14/2023,22 42,M,Larceny
792,10/28/2021,21 30,10/28/2021,22 39,M,Other Assaults
793,3/5/2022,00 45,3/5/2022,03 49,M,Other Assaults
794,10/30/2023,22 30,10/31/2023,00 12,F,Aggravated Assault
795,1/14/2022,16 00,1/15/2022,00 06,F,Miscellaneous Other Violations
796,12/25/2023,11 35,12/25/2023,14 26,F,Aggravated Assault
797,12/10/2021,22 05,12/11/2021,01 49,F,Aggravated Assault
798,8/8/2020,05 30,8/8/2020,09 12,F,Vehicle Theft
799,5/31/2022,13 20,5/31/2022,16 43,F,Weapon (carry/poss)
800,1/14/2023,04 20,1/14/2023,07 36,F,Burglary
801,2/18/2021,18 30,2/18/2021,21 45,M,Other Assaults
802,8/2/2023,05 50,8/2/2023,12 46,F,Aggravated Assault
803,1/13/2024,07 45,1/13/2024,10 19,M,Miscellaneous Other Violations
804,2/7/2024,10 25,2/7/2024,15 55,F,Aggravated Assault
805,4/28/2021,17 30,4/28/2021,23 34,F,Prostitution/Allied
806,12/30/2020,14 00,12/30/2020,21 28,F,Aggravated Assault
807,10/13/2020,02 20,10/13/2020,05 55,M,Driving Under Influence
808,7/30/2020,08 30,7/30/2020,12 01,F,Aggravated Assault
809,9/19/2021,01 30,9/19/2021,06 52,F,Robbery
810,8/12/2020,18 00,8/12/2020,21 51,F,Driving Under Influence
811,6/21/2024,20 55,6/22/2024,00 34,M,Driving Under Influence
812,12/6/2021,19 30,12/6/2021,21 06,M,Driving Under Influence
813,7/31/2021,19 35,8/1/2021,00 58,F,Weapon (carry/poss)
814,3/13/2020,21 00,3/13/2020,23 47,M,Narcotic Drug Laws
815,3/20/2023,13 20,3/20/2023,16 30,F,Aggravated Assault
816,1/16/2024,21 05,1/17/2024,02 24,F,Miscellaneous Other Violations
817,4/6/2023,02 40,4/6/2023,04 38,F,Vehicle Theft
818,7/23/2023,23 55,7/24/2023,03 10,M,Weapon (carry/poss)
819,5/9/2024,16 30,5/9/2024,22 07,F,Larceny
820,11/23/2023,14 45,11/23/2023,17 03,M,Other Assaults
821,3/25/2020,08 40,3/25/2020,12 19,F,Burglary
822,2/19/2021,00 40,2/19/2021,14 29,F,Aggravated Assault
823,8/21/2024,13 20,8/21/2024,16 31,F,Aggravated Assault
824,5/6/2020,02 30,5/6/2020,04 06,F,Aggravated Assault
825,8/25/2023,15 30,8/25/2023,17 28,M,Narcotic Drug Laws
826,1/5/2021,20 55,1/6/2021,00 37,M,Other Assaults
827,10/16/2020,12 40,10/16/2020,16 49,F,Aggravated Assault
828,5/15/2021,04 20,5/15/2021,07 44,M,Liquor Laws
829,8/30/2022,10 00,8/30/2022,11 48,M,Other Assaults
830,8/7/2023,17 45,8/7/2023,22 16,F,Fraud/Embezzlement
831,10/17/2024,07 30,10/17/2024,11 22,M,Miscellaneous Other Violations
832,6/10/2024,11 25,6/10/2024,16 25,F,Sex (except rape/prst)
833,12/1/2020,22 00,12/1/2020,23 34,M,Other Assaults
834,5/31/2020,00 15,5/31/2020,09 24,F,Burglary
835,2/20/2024,17 30,2/20/2024,20 12,F,Robbery
836,7/7/2024,20 30,7/7/2024,23 26,F,Weapon (carry/poss)
837,9/19/2021,09 15,9/19/2021,13 16,M,Other Assaults
838,3/15/2023,09 55,3/15/2023,11 51,F,Aggravated Assault
839,12/25/2023,17 15,12/25/2023,23 00,F,Aggravated Assault
840,2/15/2024,13 00,2/15/2024,15 01,F,Vehicle Theft
841,11/22/2024,22 00,11/23/2024,00 03,F,Weapon (carry/poss)
842,11/17/2020,14 00,11/17/2020,19 17,F,Miscellaneous Other Violations
843,12/29/2022,22 25,12/30/2022,00 37,F,Robbery
844,11/10/2023,22 03,11/11/2023,02 55,M,Miscellaneous Other Violations
845,5/20/2023,18 00,5/20/2023,20 23,F,Aggravated Assault
846,9/16/2020,12 00,9/16/2020,18 09,F,Fraud/Embezzlement
847,7/17/2021,22 10,7/18/2021,00 52,F,Weapon (carry/poss)
848,4/27/2020,21 00,4/27/2020,22 55,M,Other Assaults
849,11/4/2024,18 00,11/4/2024,20 59,M,Other Assaults
850,4/1/2020,10 30,4/1/2020,12 20,M,Against Family/Child
851,3/7/2024,18 30,3/7/2024,20 48,F,Aggravated Assault
852,5/1/2023,07 55,5/1/2023,08 57,F,Rape
853,2/16/2020,18 00,2/16/2020,20 37,F,Weapon (carry/poss)
854,3/16/2022,08 30,3/16/2022,09 47,M,Other Assaults
855,2/24/2020,00 45,2/24/2020,02 15,F,Aggravated Assault
856,3/10/2023,18 00,3/10/2023,20 20,M,Other Assaults
857,3/11/2021,20 20,3/11/2021,21 50,F,Robbery
858,10/26/2021,16 45,10/26/2021,18 16,F,Narcotic Drug Laws
859,8/16/2023,17 30,8/16/2023,19 40,M,Other Assaults
860,2/15/2020,22 30,2/16/2020,03 33,F,Miscellaneous Other Violations
861,11/10/2024,22 50,11/11/2024,00 13,M,Other Assaults
862,6/26/2021,00 01,6/26/2021,01 57,M,Moving Traffic Violations
863,7/30/2023,02 30,7/30/2023,07 48,F,Aggravated Assault
864,2/4/2020,14 45,2/4/2020,17 32,M,Larceny
865,8/3/2021,14 00,8/3/2021,16 38,F,Miscellaneous Other Violations
866,7/18/2022,11 00,7/18/2022,12 58,M,Other Assaults
867,2/26/2020,21 05,2/27/2020,00 18,M,Other Assaults
868,11/17/2024,13 20,11/17/2024,17 01,M,Other Assaults
869,2/9/2020,02 39,2/9/2020,04 13,M,Driving Under Influence
870,8/30/2024,16 05,8/30/2024,19 35,F,Narcotic Drug Laws
871,7/21/2021,22 23,7/22/2021,01 49,F,Robbery
872,9/30/2023,04 30,9/30/2023,06 23,F,Moving Traffic Violations
873,6/6/2023,03 20,6/6/2023,14 19,F,Miscellaneous Other Violations
874,2/10/2022,08 15,2/10/2022,12 00,F,Burglary
875,11/4/2024,05 00,11/4/2024,10 37,F,Miscellaneous Other Violations
876,7/31/2023,22 30,8/1/2023,00 02,M,Other Assaults
877,12/5/2020,17 15,12/5/2020,19 24,F,Aggravated Assault
878,7/3/2024,11 30,7/3/2024,14 31,F,Robbery
879,9/19/2021,00 55,9/19/2021,03 34,M,Other Assaults
880,2/10/2023,08 45,2/10/2023,10 57,F,Aggravated Assault
881,2/11/2020,15 20,2/11/2020,18 10,M,Miscellaneous Other Violations
882,3/3/2024,12 55,3/3/2024,13 57,M,Driving Under Influence
883,4/12/2022,18 30,4/12/2022,23 40,F,Aggravated Assault
884,4/25/2024,06 30,4/25/2024,10 35,F,Aggravated Assault
885,3/20/2023,18 00,3/20/2023,19 59,F,Other Assaults
886,7/9/2022,06 25,7/9/2022,11 03,F,Aggravated Assault
887,6/6/2020,19 30,6/6/2020,20 18,M,Moving Traffic Violations
888,1/24/2023,01 06,1/24/2023,05 08,M,Miscellaneous Other Violations
889,11/14/2022,12 55,11/14/2022,16 01,M,Narcotic Drug Laws
890,8/17/2021,15 30,7/18/2021,17 48,F,Weapon (carry/poss)
891,5/8/2023,23 05,5/9/2023,00 01,F,Narcotic Drug Laws
892,1/6/2024,19 40,1/7/2024,07 15,F,Aggravated Assault
893,9/21/2024,12 20,9/21/2024,14 27,F,Aggravated Assault
894,1/27/2023,11 40,1/27/2023,14 17,F,Larceny
895,4/9/2024,10 20,4/9/2024,14 00,F,Fraud/Embezzlement
896,3/12/2024,10 40,3/12/2024,13 12,F,Other Assaults
897,12/23/2023,11 30,12/23/2023,14 50,F,Vehicle Theft
898,3/8/2022,22 15,3/9/2022,00 42,F,Narcotic Drug Laws
899,3/15/2023,18 30,3/15/2023,20 23,F,Narcotic Drug Laws
900,6/19/2024,15 30,6/19/2024,17 59,M,Driving Under Influence
901,4/29/2021,10 55,4/29/2021,12 58,F,Aggravated Assault
902,5/20/2021,12 30,5/20/2021,13 23,F,Aggravated Assault
903,11/28/2020,08 00,11/28/2020,09 51,M,Against Family/Child
904,6/3/2023,19 00,6/3/2023,22 39,F,Weapon (carry/poss)
905,2/24/2023,23 20,2/25/2023,03 02,M,Driving Under Influence
906,11/16/2021,15 40,11/16/2021,21 50,F,Larceny
907,10/23/2024,02 45,10/23/2024,04 48,M,Against Family/Child
908,6/11/2021,14 10,6/11/2021,15 48,F,Moving Traffic Violations
909,12/12/2020,20 15,12/12/2020,22 59,M,Driving Under Influence
910,6/8/2023,16 18,6/8/2023,19 40,F,Robbery
911,10/18/2023,02 40,10/18/2023,04 35,F,Miscellaneous Other Violations
912,7/7/2024,06 30,7/7/2024,11 12,F,Aggravated Assault
913,9/20/2020,10 55,9/20/2020,13 25,F,Narcotic Drug Laws
914,5/8/2020,14 45,5/8/2020,19 24,F,Other Assaults
915,11/3/2022,08 00,11/3/2022,10 29,M,Narcotic Drug Laws
916,6/24/2022,13 40,6/24/2022,20 17,F,Miscellaneous Other Violations
917,1/11/2020,13 40,1/11/2020,17 47,M,Larceny
918,11/3/2022,00 20,11/3/2022,03 37,M,Other Assaults
919,11/24/2024,12 30,11/24/2024,19 15,F,Aggravated Assault
920,11/27/2020,19 30,11/27/2020,21 17,F,Driving Under Influence
921,11/25/2023,01 55,11/25/2023,05 58,F,Aggravated Assault
922,8/26/2023,09 15,8/26/2023,11 24,M,Other Assaults
923,8/24/2022,05 35,8/24/2022,11 06,M,Prostitution/Allied
924,8/8/2023,14 30,8/8/2023,16 24,F,Other Assaults
925,7/6/2024,13 10,7/6/2024,16 07,F,Burglary
926,9/7/2020,00 05,9/7/2020,03 07,F,Other Assaults
927,8/15/2022,03 45,8/15/2022,06 02,F,Aggravated Assault
928,5/14/2023,07 50,5/14/2023,10 26,F,Weapon (carry/poss)
929,9/13/2024,20 30,9/13/2024,22 31,F,Vehicle Theft
930,10/26/2024,22 30,10/27/2024,02 12,F,Other Assaults
931,2/15/2023,23 35,2/16/2023,01 55,M,Prostitution/Allied
932,9/11/2021,19 30,9/11/2021,22 21,M,Aggravated Assault
933,7/12/2020,12 30,7/12/2020,16 20,F,Aggravated Assault
934,6/13/2021,13 00,6/13/2021,16 12,M,Other Assaults
935,4/21/2023,05 00,4/21/2023,08 08,F,Robbery
936,3/13/2021,19 35,3/13/2021,21 30,F,Driving Under Influence
937,1/9/2024,00 20,1/9/2024,02 28,F,Robbery
938,11/1/2022,02 30,11/1/2022,03 43,M,Against Family/Child
939,5/19/2023,12 43,5/19/2023,20 10,M,Narcotic Drug Laws
940,3/2/2022,16 30,3/3/2022,00 53,F,Miscellaneous Other Violations
941,7/14/2021,19 00,7/14/2021,20 27,M,Moving Traffic Violations
942,4/28/2021,23 50,4/29/2021,04 39,F,Robbery
943,4/28/2020,18 40,4/28/2020,22 35,F,Robbery
944,7/1/2020,08 45,7/1/2020,12 58,F,Weapon (carry/poss)
945,3/27/2024,23 20,3/28/2024,02 13,F,Vehicle Theft
946,9/7/2022,20 40,9/7/2022,22 42,F,Miscellaneous Other Violations
947,9/21/2021,20 30,9/21/2021,23 23,F,Vehicle Theft
948,10/12/2024,19 30,10/12/2024,22 29,F,Aggravated Assault
949,10/22/2021,22 00,10/23/2021,01 36,M,Miscellaneous Other Violations
950,2/15/2024,17 40,2/15/2024,20 00,F,Vehicle Theft
951,3/18/2024,15 25,3/18/2024,19 01,F,Vehicle Theft
952,1/12/2022,20 45,1/12/2022,22 05,F,Larceny
953,3/2/2022,22 50,3/3/2022,01 21,F,Moving Traffic Violations
954,6/26/2020,10 00,6/26/2020,11 38,M,Narcotic Drug Laws
955,8/21/2024,19 35,8/21/2024,23 28,F,Vehicle Theft
956,1/25/2024,12 00,1/25/2024,15 08,F,Weapon (carry/poss)
957,2/20/2021,19 45,2/20/2021,20 50,F,Aggravated Assault
958,5/29/2020,09 50,5/29/2020,11 36,F,Aggravated Assault
959,1/29/2020,07 00,1/29/2020,07 34,F,Aggravated Assault
960,9/13/2021,14 15,9/13/2021,17 51,F,Homicide
961,5/4/2022,12 00,5/4/2022,13 56,F,Driving Under Influence
962,1/3/2021,23 10,1/4/2021,00 58,M,Other Assaults
963,8/2/2024,22 30,8/3/2024,02 03,F,Aggravated Assault
964,9/23/2020,00 05,9/23/2020,03 04,M,Narcotic Drug Laws
965,4/28/2020,21 30,4/29/2020,00 37,F,Sex (except rape/prst)
966,9/13/2020,17 00,9/13/2020,19 40,F,Narcotic Drug Laws
967,1/5/2024,19 50,1/5/2024,21 05,M,Driving Under Influence
968,1/28/2021,15 30,1/28/2021,18 59,M,Larceny
969,1/13/2022,19 45,1/13/2022,23 03,F,Burglary
970,1/7/2022,17 12,1/7/2022,19 13,M,Miscellaneous Other Violations
971,8/3/2021,15 25,8/3/2021,17 52,F,Miscellaneous Other Violations
972,11/4/2021,17 30,11/4/2021,20 16,F,Robbery
973,3/14/2020,20 45,3/14/2020,22 01,M,Narcotic Drug Laws
974,6/3/2023,11 30,6/3/2023,13 13,M,Other Assaults
975,5/6/2020,12 37,5/6/2020,14 19,F,Miscellaneous Other Violations
976,1/26/2023,23 00,1/27/2023,00 36,F,Weapon (carry/poss)
977,10/12/2021,14 30,10/12/2021,20 25,F,Aggravated Assault
978,6/28/2020,17 40,6/28/2020,20 00,F,Vehicle Theft
979,10/19/2024,14 30,10/19/2024,16 35,F,Aggravated Assault
980,8/2/2021,01 13,8/2/2021,03 26,M,Driving Under Influence
981,10/17/2024,19 00,10/17/2024,23 47,F,Miscellaneous Other Violations
982,6/20/2020,10 30,6/20/2020,13 26,F,Vehicle Theft
983,8/31/2022,13 00,8/31/2022,14 29,M,Miscellaneous Other Violations
984,5/25/2021,14 30,5/25/2021,18 28,F,Vehicle Theft
985,8/14/2021,05 50,8/14/2021,09 09,F,Aggravated Assault
986,4/17/2023,23 40,4/18/2023,01 39,M,Against Family/Child
987,7/2/2023,23 30,7/3/2023,01 43,M,Miscellaneous Other Violations
988,1/19/2023,18 30,1/19/2023,20 49,M,Driving Under Influence
989,8/13/2024,18 50,8/13/2024,23 30,F,Weapon (carry/poss)
990,5/16/2022,16 30,5/16/2022,19 09,M,Miscellaneous Other Violations
991,12/18/2021,16 45,12/18/2021,19 04,F,Weapon (carry/poss)
992,6/20/2023,22 40,6/21/2023,00 21,F,Aggravated Assault
993,5/29/2021,08 00,5/29/2021,15 18,F,Miscellaneous Other Violations
994,10/7/2021,13 30,10/7/2021,15 51,M,Weapon (carry/poss)
995,11/26/2022,09 45,11/26/2022,13 59,F,Weapon (carry/poss)
996,4/30/2022,19 30,4/30/2022,21 43,F,Aggravated Assault
997,4/28/2022,11 55,4/28/2022,14 11,M,Driving Under Influence
998,5/17/2024,16 45,5/17/2024,20 58,F,Aggravated Assault
999,8/9/2022,07 00,8/9/2022,08 33,F,Weapon (carry/poss)
1000,7/28/2022,01 10,7/28/2022,03 19,F,Vehicle Theft
